{
  "label2idx": {
    "ASK_INFORMATION": 0,
    "GENERAL_CONVERSATION": 1,
    "REQUEST_ACTION": 2
  },
  "idx2label": {
    "0": "ASK_INFORMATION",
    "1": "GENERAL_CONVERSATION",
    "2": "REQUEST_ACTION"
  },
  "features": [
    "NER=CARDINAL",
    "NER=DATE",
    "NER=GPE",
    "NER=ORG",
    "NER=PERSON",
    "NER=TIME",
    "POS=''",
    "POS=,",
    "POS=.",
    "POS=CC",
    "POS=CD",
    "POS=DT",
    "POS=EX",
    "POS=IN",
    "POS=JJ",
    "POS=JJS",
    "POS=MD",
    "POS=NN",
    "POS=NNP",
    "POS=NNS",
    "POS=PRP",
    "POS=PRP$",
    "POS=RB",
    "POS=RBR",
    "POS=RP",
    "POS=TO",
    "POS=UH",
    "POS=VB",
    "POS=VBD",
    "POS=VBG",
    "POS=VBN",
    "POS=VBP",
    "POS=VBZ",
    "POS=WDT",
    "POS=WP",
    "POS=WRB",
    "WH=can",
    "WH=could",
    "WH=how",
    "WH=what",
    "WH=when",
    "WH=where",
    "WH=who",
    "WH=why",
    "WH=will",
    "WH=would",
    "lemma='",
    "lemma=,",
    "lemma=-20",
    "lemma=.",
    "lemma=100",
    "lemma=5",
    "lemma=64",
    "lemma=?",
    "lemma=Craft",
    "lemma=Hunt",
    "lemma=I",
    "lemma=Quickly",
    "lemma=Redstone",
    "lemma=a",
    "lemma=across",
    "lemma=adventure",
    "lemma=all",
    "lemma=amazing",
    "lemma=and",
    "lemma=any",
    "lemma=apple",
    "lemma=area",
    "lemma=armor",
    "lemma=around",
    "lemma=asap",
    "lemma=ask",
    "lemma=attack",
    "lemma=awesome",
    "lemma=back",
    "lemma=base",
    "lemma=be",
    "lemma=beautiful",
    "lemma=bed",
    "lemma=behind",
    "lemma=big",
    "lemma=biome",
    "lemma=block",
    "lemma=bridge",
    "lemma=build",
    "lemma=building",
    "lemma=can",
    "lemma=castle",
    "lemma=cave",
    "lemma=check",
    "lemma=chest",
    "lemma=clear",
    "lemma=coal",
    "lemma=collect",
    "lemma=come",
    "lemma=cool",
    "lemma=coordinate",
    "lemma=cord",
    "lemma=could",
    "lemma=craft",
    "lemma=create",
    "lemma=creeper",
    "lemma=curious",
    "lemma=defend",
    "lemma=desert",
    "lemma=diamond",
    "lemma=dig",
    "lemma=do",
    "lemma=down",
    "lemma=early",
    "lemma=enjoy",
    "lemma=explain",
    "lemma=explore",
    "lemma=far",
    "lemma=farm",
    "lemma=fast",
    "lemma=feel",
    "lemma=fight",
    "lemma=find",
    "lemma=food",
    "lemma=for",
    "lemma=forest",
    "lemma=friend",
    "lemma=from",
    "lemma=fun",
    "lemma=furnace",
    "lemma=game",
    "lemma=get",
    "lemma=give",
    "lemma=go",
    "lemma=golden",
    "lemma=good",
    "lemma=grab",
    "lemma=great",
    "lemma=have",
    "lemma=health",
    "lemma=here",
    "lemma=honest",
    "lemma=honestly",
    "lemma=house",
    "lemma=how",
    "lemma=hunt",
    "lemma=if",
    "lemma=in",
    "lemma=iron",
    "lemma=it",
    "lemma=join",
    "lemma=just",
    "lemma=kill",
    "lemma=kindly",
    "lemma=know",
    "lemma=last",
    "lemma=lava",
    "lemma=let",
    "lemma=light",
    "lemma=like",
    "lemma=long",
    "lemma=look",
    "lemma=love",
    "lemma=make",
    "lemma=many",
    "lemma=mine",
    "lemma=mining",
    "lemma=mob",
    "lemma=mountain",
    "lemma=much",
    "lemma=my",
    "lemma=navigate",
    "lemma=near",
    "lemma=nearby",
    "lemma=nice",
    "lemma=now",
    "lemma=ocean",
    "lemma=of",
    "lemma=online",
    "lemma=ore",
    "lemma=our",
    "lemma=out",
    "lemma=outside",
    "lemma=peaceful",
    "lemma=place",
    "lemma=plant",
    "lemma=please",
    "lemma=pls",
    "lemma=put",
    "lemma=quick",
    "lemma=quickly",
    "lemma=rain",
    "lemma=ready",
    "lemma=really",
    "lemma=recipe",
    "lemma=redstone",
    "lemma=relax",
    "lemma=right",
    "lemma=river",
    "lemma=run",
    "lemma=safe",
    "lemma=safehouse",
    "lemma=sapling",
    "lemma=see",
    "lemma=server",
    "lemma=set",
    "lemma=shelter",
    "lemma=shield",
    "lemma=skeleton",
    "lemma=small",
    "lemma=smell",
    "lemma=smelt",
    "lemma=so",
    "lemma=some",
    "lemma=sometimes",
    "lemma=soon",
    "lemma=spawn",
    "lemma=stair",
    "lemma=stone",
    "lemma=stop",
    "lemma=straight",
    "lemma=structure",
    "lemma=sunset",
    "lemma=sword",
    "lemma=talk",
    "lemma=tell",
    "lemma=that",
    "lemma=the",
    "lemma=there",
    "lemma=thing",
    "lemma=think",
    "lemma=this",
    "lemma=through",
    "lemma=time",
    "lemma=to",
    "lemma=today",
    "lemma=tonight",
    "lemma=torch",
    "lemma=towards",
    "lemma=travel",
    "lemma=tree",
    "lemma=tunnel",
    "lemma=turn",
    "lemma=u",
    "lemma=up",
    "lemma=village",
    "lemma=walk",
    "lemma=wall",
    "lemma=watch",
    "lemma=way",
    "lemma=we",
    "lemma=weather",
    "lemma=what",
    "lemma=wheat",
    "lemma=when",
    "lemma=where",
    "lemma=who",
    "lemma=why",
    "lemma=will",
    "lemma=with",
    "lemma=wonder",
    "lemma=wood",
    "lemma=work",
    "lemma=would",
    "lemma=yesterday",
    "lemma=yet",
    "lemma=you",
    "lemma=your",
    "lemma=zombie",
    "lemma=\u2019",
    "lemma=\u2019m",
    "lemma=\u2019s"
  ]
}